{
  "bee": -1466605679.6741176,
  "term": 454559630,
  "that": [
    false,
    {
      "shot": -192064530,
      "since": false,
      "wood": 157557806.3311801,
      "choose": -1947455450,
      "certain": true,
      "lady": "production"
    },
    "directly",
    "article",
    true,
    "belong"
  ],
  "camera": 1828093686.513197,
  "silly": "nodded",
  "nails": true
}
